number,salesCount,price,storeName,dishName
0,20,16,肌肉兄弟轻食,香嫩牛脊抓饭
0,136,15,西爷龙虾,干锅鸡套餐
0,285,18,西爷龙虾,龙虾炒饭
0,462,14,肌肉兄弟轻食,墨西哥鸡肉卷
0,134,10,缘味鲜,小鸡炖宽粉饭
0,250,15,缘味鲜,黄焖鸡米饭
0,52,19,米谷家寿司料理,寿喜烧
0,37,13,米谷家寿司料理,金枪鱼饭团+唐杨扬蔬菜饼
0,731,13,法式红酒牛排饭,黑椒牛排饭
0,362,10,米谷家寿司料理,蟹味寿司套餐
0,116,6,法式红酒牛排饭,拌鸡架
0,272,12,米谷家寿司料理,青菜锅
0,49,15,法式红酒牛排饭,千岛牛排饭
0,246,5,米谷家寿司料理,秘制鱼丸
0,221,13,米谷家寿司料理,锅仔辛拉面
0,21,15,法式红酒牛排饭,沙拉牛排饭
0,224,7,米谷家寿司料理,日式鸡腿肉烤串
0,54,17,米谷家寿司料理,肥牛锅
0,155,10,法式红酒牛排饭,拌鸡腿
0,34,16,米谷家寿司料理,多春鱼鳗鱼卷
0,38,3,法式红酒牛排饭,五大常米饭
0,123,15,米谷家寿司料理,蛋包饭
0,42,15,法式红酒牛排饭,蜜汁之牛排饭
0,180,16,肌肉兄弟轻食,高纤维鸡胸紫薯餐
0,368,18,金饭村,炸鸡排套餐
0,347,18,金饭村,辛拉面炒年糕
0,149,18,金饭村,火鸡饭
0,71,15,肌肉兄弟轻食,金枪鱼抓饭
0,174,18,金饭村,辣白菜炒五花肉盖饭
0,200,10,金饭村,大酱汤
0,21,16,肌肉兄弟轻食,龙利鱼抓饭
0,193,12,金饭村,辣白菜炒饭
0,762,14,肌肉兄弟轻食,炭烤鸡胸抓饭
0,84,15,金饭村,海鲜葱饼
0,168,28,金饭村,芝士鸡蛋卷
0,15,16,肌肉兄弟轻食,秘制龙利鱼糙米饭
0,21,16,肌肉兄弟轻食,奶香牛腱子薯泥
0,19,16,肌肉兄弟轻食,日式牛肉糙米饭
0,1159,8,大叔私房茶,黑珍珠奶茶
0,719,10,大叔私房茶,芋圆奶茶
0,389,11,大叔私房茶,大叔三兄弟
0,368,6,大叔私房茶,爆浆鸡排
0,295,10,大叔私房茶,鲜芋奶绿
0,211,15,西爷龙虾,水煮肉片
0,288,9,大叔私房茶,血糯米奶茶
0,119,14,西爷龙虾,滑蛋虾仁套餐
0,509,18,大叔私房茶,中份酸奶水果捞
0,72,14,西爷龙虾,干锅土豆鸡
0,56,12,西爷龙虾,什锦培根炒饭
0,47,10,西爷龙虾,麻辣豆腐
0,611,10,升和私房菜,韭菜炒鸡蛋
0,487,25,升和私房菜,肉段茄子
0,84,13,缘味鲜,椒麻鸡
0,471,9,升和私房菜,鸡蛋炒饭
0,219,29,升和私房菜,红烧三宝
0,280,5,升和私房菜,尖椒豆腐皮
0,291,9,升和私房菜,火爆牛心菜
0,45,15,缘味鲜,咖喱牛肉饭
0,426,24,升和私房菜,孜然鸭脖
0,35,14,缘味鲜,牛肉炖土豆
0,348,20,乐而美汉堡,牛肉堡套餐
0,20,13,缘味鲜,香辣口水鸡
0,1592,7,乐而美汉堡,美式薯条
0,917,3,乐而美汉堡,特价蛋挞
0,820,20,乐而美汉堡,香辣鸡腿堡套餐
0,76,19,缘味鲜,排骨米饭
0,19,10,乐而美汉堡,芝士虾球
0,84,6,乐而美汉堡,红豆派
0,46,17,百碗香排骨米饭,冻豆腐炖排骨
0,64,17,百碗香排骨米饭,冬瓜炖排骨
0,84,17,百碗香排骨米饭,豆角炖排骨
0,58,17,百碗香排骨米饭,海带炖排骨
0,32,17,百碗香排骨米饭,小白菜炖排骨
0,352,17,百碗香排骨米饭,酸菜炖排骨
0,41,17,百碗香排骨米饭,土豆炖排骨
