orderNumber,dishes,state,username
2019-12-24 14:14:09#20179299,"[{""_c_"":""Dish"",""createdAt"":""2019-12-12 15:49:57"",""dishName"":""牛肉堡套餐"",""number"":1,""objectId"":""l4emW339"",""price"":20,""salesCount"":348,""storeName"":""乐而美汉堡"",""updatedAt"":""2019-12-21 20:10:21""}]",已完成,20179299
2019-12-24 14:33:27#20179299,"[{""_c_"":""Dish"",""createdAt"":""2019-12-12 15:37:27"",""dishName"":""高纤维鸡胸紫薯餐"",""number"":1,""objectId"":""QVCo3003"",""price"":16,""salesCount"":180,""storeName"":""肌肉兄弟轻食"",""updatedAt"":""2019-12-21 20:13:59""}]",取消,20179299
2019-12-24 14:34:48#20179299,"[{""_c_"":""Dish"",""createdAt"":""2019-12-12 15:27:52"",""dishName"":""寿喜烧"",""number"":2,""objectId"":""h2631112"",""price"":19,""salesCount"":52,""storeName"":""米谷家寿司料理"",""updatedAt"":""2019-12-21 20:17:18""}]",取消,20179299
2019-12-24 20:51:25#20179298,"[{""_c_"":""Dish"",""createdAt"":""2019-12-09 15:46:07"",""dishName"":""墨西哥鸡肉卷"",""number"":1,""objectId"":""327e892776"",""price"":14,""salesCount"":462,""storeName"":""肌肉兄弟轻食"",""updatedAt"":""2019-12-21 20:14:28""},{""_c_"":""Dish"",""createdAt"":""2019-12-09 15:46:07"",""dishName"":""香嫩牛脊抓饭"",""number"":1,""objectId"":""d76d89389a"",""price"":16,""salesCount"":20,""storeName"":""肌肉兄弟轻食"",""updatedAt"":""2019-12-21 20:14:31""},{""_c_"":""Dish"",""createdAt"":""2019-12-12 15:37:27"",""dishName"":""高纤维鸡胸紫薯餐"",""number"":1,""objectId"":""QVCo3003"",""price"":16,""salesCount"":180,""storeName"":""肌肉兄弟轻食"",""updatedAt"":""2019-12-21 20:13:59""}]",已完成,20179298
2019-12-25 10:03:05#20179287,"[{""_c_"":""Dish"",""createdAt"":""2019-12-09 15:46:07"",""dishName"":""香嫩牛脊抓饭"",""number"":2,""objectId"":""d76d89389a"",""price"":16,""salesCount"":20,""storeName"":""肌肉兄弟轻食"",""updatedAt"":""2019-12-21 20:14:31""}]",取消,20179287
2019-12-25 10:05:47#20179228,"[{""_c_"":""Dish"",""createdAt"":""2019-12-09 15:46:07"",""dishName"":""香嫩牛脊抓饭"",""number"":2,""objectId"":""d76d89389a"",""price"":16,""salesCount"":20,""storeName"":""肌肉兄弟轻食"",""updatedAt"":""2019-12-21 20:14:31""}]",已完成,20179228
2019-12-25 18:49:41#20179299,"[{""_c_"":""Dish"",""createdAt"":""2019-12-12 15:27:52"",""dishName"":""寿喜烧"",""number"":3,""objectId"":""h2631112"",""price"":19,""salesCount"":52,""storeName"":""米谷家寿司料理"",""updatedAt"":""2019-12-21 20:17:18""}]",已完成,20179299
2019-12-25 21:29:50#20179299,"[{""_c_"":""Dish"",""createdAt"":""2019-12-12 15:27:52"",""dishName"":""寿喜烧"",""number"":1,""objectId"":""h2631112"",""price"":19,""salesCount"":52,""storeName"":""米谷家寿司料理"",""updatedAt"":""2019-12-21 20:17:18""},{""_c_"":""Dish"",""createdAt"":""2019-12-12 15:28:28"",""dishName"":""金枪鱼饭团+唐杨扬蔬菜饼"",""number"":1,""objectId"":""02h8999P"",""price"":13,""salesCount"":37,""storeName"":""米谷家寿司料理"",""updatedAt"":""2019-12-21 20:17:20""},{""_c_"":""Dish"",""createdAt"":""2019-12-12 15:29:20"",""dishName"":""蟹味寿司套餐"",""number"":1,""objectId"":""lqSi333O"",""price"":10,""salesCount"":362,""storeName"":""米谷家寿司料理"",""updatedAt"":""2019-12-21 20:17:21""},{""_c_"":""Dish"",""createdAt"":""2019-12-12 15:30:30"",""dishName"":""青菜锅"",""number"":1,""objectId"":""GMUt6668"",""price"":12,""salesCount"":272,""storeName"":""米谷家寿司料理"",""updatedAt"":""2019-12-21 20:17:24""}]",已完成,20179299
2019-12-25 22:09:30#20179299,"[{""_c_"":""Dish"",""createdAt"":""2019-12-12 15:29:20"",""dishName"":""蟹味寿司套餐"",""number"":1,""objectId"":""lqSi333O"",""price"":10,""salesCount"":362,""storeName"":""米谷家寿司料理"",""updatedAt"":""2019-12-21 20:17:21""}]",取消,20179299
2019-12-25 22:15:46#20179299,"[{""_c_"":""Dish"",""createdAt"":""2019-12-12 15:30:30"",""dishName"":""青菜锅"",""number"":1,""objectId"":""GMUt6668"",""price"":12,""salesCount"":272,""storeName"":""米谷家寿司料理"",""updatedAt"":""2019-12-21 20:17:24""}]",取消,20179299
2019-12-25 22:25:16#20179299,"[{""_c_"":""Dish"",""createdAt"":""2019-12-12 15:37:27"",""dishName"":""高纤维鸡胸紫薯餐"",""number"":1,""objectId"":""QVCo3003"",""price"":16,""salesCount"":180,""storeName"":""肌肉兄弟轻食"",""updatedAt"":""2019-12-21 20:13:59""},{""_c_"":""Dish"",""createdAt"":""2019-12-12 15:38:49"",""dishName"":""金枪鱼抓饭"",""number"":1,""objectId"":""H8nDZIIZ"",""price"":15,""salesCount"":71,""storeName"":""肌肉兄弟轻食"",""updatedAt"":""2019-12-21 20:14:02""}]",已完成,20179299
2019-12-25 22:25:27#20179299,"[{""_c_"":""Dish"",""createdAt"":""2019-12-12 15:34:45"",""dishName"":""五大常米饭"",""number"":1,""objectId"":""xpqte88e"",""price"":3,""salesCount"":38,""storeName"":""法式红酒牛排饭"",""updatedAt"":""2019-12-21 20:15:42""},{""_c_"":""Dish"",""createdAt"":""2019-12-12 15:34:00"",""dishName"":""拌鸡腿"",""number"":1,""objectId"":""OUHGL11L"",""price"":10,""salesCount"":155,""storeName"":""法式红酒牛排饭"",""updatedAt"":""2019-12-21 20:15:46""}]",已完成,20179299
2019-12-26 11:58:19#20179228,"[{""_c_"":""Dish"",""createdAt"":""2019-12-09 15:46:07"",""dishName"":""小鸡炖宽粉饭"",""number"":4,""objectId"":""6f1c68695d"",""price"":10,""salesCount"":134,""storeName"":""缘味鲜"",""updatedAt"":""2019-12-21 20:17:44""}]",未完成,20179228
2019-12-26 12:00:05#20179299,"[{""_c_"":""Dish"",""createdAt"":""2019-12-12 15:41:58"",""dishName"":""奶香牛腱子薯泥"",""number"":8,""objectId"":""fOEAP22N"",""price"":16,""salesCount"":21,""storeName"":""肌肉兄弟轻食"",""updatedAt"":""2019-12-21 20:13:26""}]",已完成,20179299
2019-12-26 14:18:21#20179299,"[{""_c_"":""Dish"",""createdAt"":""2019-12-09 15:46:07"",""dishName"":""香嫩牛脊抓饭"",""number"":3,""objectId"":""d76d89389a"",""price"":16,""salesCount"":20,""storeName"":""肌肉兄弟轻食"",""updatedAt"":""2019-12-21 20:14:31""}]",已完成,20179299
2019-12-26 18:28:26#20179299,"[{""_c_"":""Dish"",""createdAt"":""2019-12-12 15:45:24"",""dishName"":""干锅土豆鸡"",""number"":4,""objectId"":""sVHfb99c"",""price"":14,""salesCount"":72,""storeName"":""西爷龙虾"",""updatedAt"":""2019-12-21 20:12:32""}]",已完成,20179299
2020-01-11 10:24:45#20179299,"[{""_c_"":""Dish"",""createdAt"":""2019-12-09 15:46:07"",""dishName"":""香嫩牛脊抓饭"",""number"":1,""objectId"":""d76d89389a"",""price"":16,""salesCount"":20,""storeName"":""肌肉兄弟轻食"",""updatedAt"":""2019-12-21 20:14:31""}]",取消,20179299
2020-01-11 22:07:40#20179299,"[{""_c_"":""Dish"",""createdAt"":""2019-12-12 15:28:36"",""dishName"":""黑椒牛排饭"",""number"":2,""objectId"":""HRE5hhhm"",""price"":13,""salesCount"":731,""storeName"":""法式红酒牛排饭"",""updatedAt"":""2019-12-21 20:15:57""}]",未完成,20179299
