name,username,message,storeName
罗成,20179292,干锅鸡很好吃！,西爷龙虾
康树,20179293,排骨太少了吧,百碗香排骨米饭
邹杰涛,20179294,超喜欢他家的小菜,金饭村
章梅,20179295,奶茶使人快乐,大叔私房茶
韩辰,20179296,菜品多一些就好了,升和私房菜
雷春菊,20179299,很健康哦,肌肉兄弟轻食
纪仪,20179297,不会踩雷，都好吃哦,米谷家寿司料理
"	昌菲寒",20179298,怎么又涨价了,乐而美汉堡
昌菲寒,20179298,牛排饭真是太好吃啦,法式红酒牛排饭
昌菲寒,20179298,今天配送的好慢，不开心,法式红酒牛排饭
雷春菊,20179299,肥牛锅很好吃哦,米谷家寿司料理
雷春菊,20179299,鸡肉可以去皮就好了,金饭村
雷春菊,20179299,太棒啦,缘味鲜
萧晶妍,20179228,haochi,肌肉兄弟轻食
雷春菊,20179299,真好吃,乐而美汉堡
萧晶妍,20179228,哈哈,缘味鲜
雷春菊,20179299,1,肌肉兄弟轻食
雷春菊,20179299,还好还好,乐而美汉堡
雷春菊,20179299,好,法式红酒牛排饭
雷春菊,20179299,好,肌肉兄弟轻食
雷春菊,20179299,好,肌肉兄弟轻食
